"Genus","s.Diffuse","s.Intestinal","index","stat","p.value","q","associated_group"
"Unclassified_Enterobacteriaceae",0,1,2,0.776758850123867,4e-04,0.0318666666666667,"Diffuse"
"Micrococcus",0,1,2,0.764372323539776,8e-04,0.0318666666666667,"Diffuse"
"Ligilactobacillus",0,1,2,0.973557172717102,3e-04,0.0318666666666667,"Diffuse"
"Sphingomonas",0,1,2,0.804710731232852,8e-04,0.0318666666666667,"Diffuse"
"Helicobacter",1,0,1,0.973095357204169,8e-04,0.0318666666666667,"Diffuse"
"Arcobacter",0,1,2,0.673594873091213,2e-04,0.0318666666666667,"Diffuse"
"Marinobacterium",0,1,2,0.616849735767625,0.001,0.0341428571428571,"Diffuse"
"Stenotrophomonas",0,1,2,0.729453481440702,0.0015,0.0448125,"Diffuse"
